TF,Sources
Aatf,RegNetwork|TRRUST
Abl1,RegNetwork|TRRUST
Abt1,RegNetwork
Abtb1,RegNetwork
Adnp,RegNetwork
Aebp1,RegNetwork
Aebp2,RegNetwork|TRRUST
Aes,RegNetwork|TRRUST|ESCAPE
Aff4,RegNetwork
Agap3,RegNetwork
Ahctf1,RegNetwork
Ahr,RegNetwork|TRRUST
Aip,RegNetwork
Aire,RegNetwork|TRRUST
Akt1,RegNetwork
Alx1,RegNetwork
Alx3,RegNetwork
Alx4,RegNetwork|TRRUST
Alyref,RegNetwork
Ankra2,RegNetwork
Ankrd1,RegNetwork|TRRUST
Ankrd22,RegNetwork
Ankrd32,RegNetwork
Ankrd33,RegNetwork
Ankrd49,RegNetwork
Ankrd54,RegNetwork
Ankrd6,RegNetwork
Ankrd7,RegNetwork
Anks1,RegNetwork
Anks3,RegNetwork
Apbb1,RegNetwork|TRRUST
Apbb2,RegNetwork
Apc,RegNetwork|TRRUST
Apex1,RegNetwork|TRRUST
Ar,RegNetwork|TRRUST
Arid1a,RegNetwork
Arid1b,RegNetwork
Arid3a,RegNetwork|TRRUST
Arid3b,RegNetwork|TRRUST
Arid4b,RegNetwork
Arid5b,RegNetwork|TRRUST
Arl6ip5,TRRUST
Arnt,RegNetwork|TRRUST
Arnt2,RegNetwork
Arntl,RegNetwork|TRRUST
Arntl2,TRRUST
Arx,TRRUST
Asb1,RegNetwork
Asb12,RegNetwork
Asb15,RegNetwork
Asb3,RegNetwork
Asb4,RegNetwork
Asb6,RegNetwork
Asb9,RegNetwork
Ascl1,RegNetwork|TRRUST|ESCAPE
Ascl2,RegNetwork|ESCAPE
Ascl3,RegNetwork
Ash1l,RegNetwork|TRRUST
Ash2l,RegNetwork
Asxl1,RegNetwork|TRRUST
Atf1,RegNetwork|TRRUST
Atf2,RegNetwork|TRRUST
Atf3,RegNetwork|TRRUST
Atf4,RegNetwork|TRRUST
Atf5,RegNetwork
Atf6,RegNetwork|TRRUST
Atf6b,RegNetwork
Atf7,RegNetwork
Atf7ip,RegNetwork
Atm,RegNetwork|TRRUST
Atoh1,RegNetwork|TRRUST
Aw146020,RegNetwork
Bach1,RegNetwork|TRRUST
Bach2,RegNetwork|TRRUST
Bard1,RegNetwork
Barhl1,RegNetwork
Barx1,RegNetwork
Barx2,RegNetwork|TRRUST
Batf,RegNetwork
Batf2,TRRUST
Batf3,RegNetwork|TRRUST
Baz1a,RegNetwork
Baz1b,RegNetwork
Bbc3,RegNetwork
Bcl11a,RegNetwork|TRRUST
Bcl11b,RegNetwork|TRRUST
Bcl3,RegNetwork|TRRUST
Bcl6,RegNetwork|TRRUST
Bcl6b,RegNetwork|TRRUST
Bclaf1,RegNetwork
Bcor,RegNetwork
Bdp1,RegNetwork
Bhlha15,RegNetwork
Bhlhe40,RegNetwork|TRRUST
Bhlhe41,RegNetwork
Bin1,RegNetwork
Blzf1,RegNetwork
Bmi1,RegNetwork|TRRUST
Bmp4,TRRUST
Bmp6,TRRUST
Brca1,RegNetwork|TRRUST
Brca2,RegNetwork|TRRUST
Brd7,RegNetwork
Brdt,RegNetwork
Brf1,RegNetwork
Brip1,RegNetwork
Brpf1,RegNetwork
Brpf3,RegNetwork
Brwd1,RegNetwork
Btaf1,RegNetwork
Btbd11,RegNetwork
Btf3,RegNetwork
Btg1,RegNetwork
Btg2,RegNetwork|TRRUST
Bub3,TRRUST
C80913,RegNetwork
Calcoco1,RegNetwork
Carf,RegNetwork
Cbfa2t3,RegNetwork|TRRUST
Cbfb,RegNetwork
Cbx3,RegNetwork
Cbx4,RegNetwork
Cbx6,RegNetwork|TRRUST
Cbx7,RegNetwork
Cbx8,RegNetwork|ESCAPE
Ccnd1,TRRUST
Ccrn4l,RegNetwork
Cd7,TRRUST
Cdc5l,RegNetwork
Cdx1,RegNetwork|TRRUST
Cdx2,RegNetwork|TRRUST|ESCAPE
Cdx4,RegNetwork|TRRUST
Cebpa,RegNetwork|TRRUST
Cebpb,RegNetwork|TRRUST
Cebpd,RegNetwork
Cebpe,RegNetwork|TRRUST
Cebpg,RegNetwork|TRRUST
Cebpz,RegNetwork|TRRUST
Celf3,RegNetwork
Cenpb,RegNetwork
Cenpk,RegNetwork
Chaf1a,RegNetwork
Chd1,RegNetwork|TRRUST|ESCAPE
Chd4,RegNetwork|TRRUST
Chd5,RegNetwork
Chd7,RegNetwork|TRRUST|ESCAPE
Chd8,RegNetwork|TRRUST
Cic,RegNetwork
Ciita,RegNetwork|TRRUST
Cited1,RegNetwork
Cited2,RegNetwork|TRRUST
Cited4,RegNetwork
Clasrp,RegNetwork
Clock,RegNetwork|TRRUST
Cnot2,RegNetwork
Cnot3,RegNetwork|TRRUST|ESCAPE
Cnot6,RegNetwork
Cnot6l,RegNetwork
Cnot7,RegNetwork|TRRUST
Cnot8,RegNetwork
Cobra1,RegNetwork
Coil,RegNetwork
Comp,RegNetwork
Cops2,RegNetwork
Cops5,RegNetwork|TRRUST
Crabp2,RegNetwork
Cramp1l,RegNetwork
Creb1,RegNetwork|TRRUST
Creb3,RegNetwork|TRRUST
Creb3l1,RegNetwork|TRRUST
Creb3l2,RegNetwork
Creb3l3,RegNetwork|TRRUST
Creb3l4,RegNetwork|TRRUST
Creb5,RegNetwork
Crebbp,RegNetwork|TRRUST
Crebl2,RegNetwork
Crebzf,RegNetwork|TRRUST
Crem,RegNetwork|TRRUST
Crtc1,RegNetwork|TRRUST
Crx,RegNetwork|TRRUST
Cry1,RegNetwork|TRRUST
Csda,RegNetwork
Csdc2,RegNetwork
Csde1,RegNetwork
Csf1,TRRUST
Csf2,TRRUST
Csrp3,RegNetwork
Ctbp1,RegNetwork
Ctcf,RegNetwork|TRRUST|ESCAPE
Ctcfl,RegNetwork|TRRUST
Ctdp1,RegNetwork
Ctf1,TRRUST
Ctnnb1,RegNetwork|TRRUST
Ctnnbip1,RegNetwork
Ctnnbl1,RegNetwork
Ctr9,RegNetwork|TRRUST
Cux1,RegNetwork|TRRUST
Cux2,RegNetwork|TRRUST
Cxxc1,RegNetwork
Dab2,RegNetwork|TRRUST
Dach1,RegNetwork|TRRUST
Dach2,RegNetwork|TRRUST
Daxx,RegNetwork|TRRUST
Dazap2,RegNetwork
Dbp,RegNetwork|TRRUST
Dcp1a,RegNetwork
Ddb1,RegNetwork
Ddb2,RegNetwork
Ddit3,RegNetwork|TRRUST
Ddx20,RegNetwork
Ddx5,RegNetwork|TRRUST
Ddx54,RegNetwork|TRRUST
Ddx58,TRRUST
Deaf1,RegNetwork|TRRUST
Dedd,RegNetwork
Dek,RegNetwork
Dennd4a,RegNetwork
Dhx38,RegNetwork
Dido1,RegNetwork
Dlx1,RegNetwork|TRRUST
Dlx2,RegNetwork|TRRUST
Dlx3,TRRUST
Dlx4,RegNetwork
Dlx5,RegNetwork|TRRUST
Dmap1,RegNetwork|TRRUST|ESCAPE
Dmbx1,RegNetwork|TRRUST
Dmp1,TRRUST
Dmrt1,RegNetwork|TRRUST
Dmrt2,RegNetwork|TRRUST
Dmrtc2,RegNetwork
Dmtf1,TRRUST
Dnajc2,RegNetwork|TRRUST
Dnmt1,RegNetwork|TRRUST
Dnmt3a,RegNetwork|TRRUST
Dnmt3b,TRRUST
Dnmt3l,RegNetwork
Dot1l,RegNetwork|TRRUST
Dpf2,RegNetwork
Dppa5a,ESCAPE
Dr1,RegNetwork
Dtx1,RegNetwork|TRRUST
E2f1,RegNetwork|TRRUST|ESCAPE
E2f2,RegNetwork|TRRUST
E2f3,RegNetwork|TRRUST
E2f4,RegNetwork|TRRUST|ESCAPE
E2f5,RegNetwork|TRRUST
E2f6,RegNetwork
E2f8,RegNetwork|TRRUST
E4f1,RegNetwork|TRRUST
Ebf1,RegNetwork|TRRUST
Ebf3,RegNetwork
Ebf4,RegNetwork
Ecd,RegNetwork
Edf1,RegNetwork
Edn1,TRRUST
Eed,RegNetwork|ESCAPE
Egr1,RegNetwork|TRRUST
Egr2,RegNetwork|TRRUST
Egr3,RegNetwork|TRRUST
Egr4,TRRUST
Ehf,RegNetwork|TRRUST
Ehmt1,RegNetwork|TRRUST
Ehmt2,RegNetwork|TRRUST
Eif2ak2,RegNetwork|TRRUST
Eif5b,RegNetwork
Elavl2,RegNetwork
Elf1,RegNetwork|TRRUST|ESCAPE
Elf2,TRRUST
Elf3,RegNetwork|TRRUST
Elf4,RegNetwork|TRRUST
Elf5,RegNetwork|TRRUST
Elk1,RegNetwork|TRRUST
Elk3,RegNetwork|TRRUST
Elk4,RegNetwork
Ell,RegNetwork
Ell2,RegNetwork
Ell3,TRRUST
Elp2,TRRUST
Elp3,TRRUST
Emx1,RegNetwork
Emx2,RegNetwork|TRRUST
En1,RegNetwork|TRRUST
En2,TRRUST
Eomes,RegNetwork|TRRUST|ESCAPE
Ep300,RegNetwork|TRRUST
Ep400,RegNetwork
Epas1,RegNetwork|TRRUST
Epc1,RegNetwork|TRRUST
Epo,TRRUST
Epor,TRRUST
Ercc2,RegNetwork
Ercc3,RegNetwork
Ercc6,RegNetwork
Ercc8,RegNetwork
Erf,TRRUST
Erg,RegNetwork|TRRUST
Espl1,RegNetwork
Esr1,RegNetwork|TRRUST
Esr2,RegNetwork|TRRUST
Esrra,RegNetwork|TRRUST
Esrrb,RegNetwork|TRRUST|ESCAPE
Esrrg,RegNetwork|TRRUST
Esx1,ESCAPE
Ets1,RegNetwork|TRRUST
Ets2,RegNetwork|TRRUST
Etv1,RegNetwork|TRRUST
Etv2,TRRUST
Etv3,ESCAPE
Etv4,RegNetwork|TRRUST
Etv5,TRRUST
Etv6,RegNetwork|TRRUST
Ewsr1,RegNetwork|TRRUST
Eya1,TRRUST
Eya2,RegNetwork|TRRUST
Eya3,RegNetwork
Eya4,RegNetwork
Ezh1,RegNetwork|TRRUST
Ezh2,RegNetwork|TRRUST|ESCAPE
Faim3,RegNetwork
Fem1b,ESCAPE
Fhl2,RegNetwork|TRRUST
Fhl5,RegNetwork
Fiz1,RegNetwork
Fli1,RegNetwork|TRRUST
Fmr1,RegNetwork|TRRUST
Fos,RegNetwork|TRRUST
Fosb,RegNetwork|TRRUST
Fosl1,RegNetwork|TRRUST
Fosl2,RegNetwork|TRRUST
Foxa1,RegNetwork|TRRUST
Foxa2,RegNetwork|TRRUST
Foxa3,RegNetwork|TRRUST
Foxb1,RegNetwork
Foxc1,RegNetwork|TRRUST
Foxc2,RegNetwork|TRRUST
Foxd1,TRRUST
Foxd3,RegNetwork|TRRUST
Foxe3,RegNetwork
Foxg1,RegNetwork|TRRUST
Foxh1,RegNetwork|TRRUST
Foxi1,RegNetwork|TRRUST
Foxj1,RegNetwork|TRRUST
Foxj2,RegNetwork|ESCAPE
Foxj3,TRRUST
Foxl1,TRRUST
Foxl2,RegNetwork|TRRUST
Foxm1,RegNetwork|TRRUST
Foxn1,TRRUST
Foxn2,RegNetwork
Foxn4,RegNetwork|TRRUST
Foxo1,RegNetwork|TRRUST
Foxo3,RegNetwork|TRRUST
Foxo4,RegNetwork|TRRUST
Foxp1,RegNetwork|TRRUST
Foxp2,TRRUST
Foxp3,RegNetwork|TRRUST
Foxp4,RegNetwork
Foxq1,RegNetwork|TRRUST
Fubp3,RegNetwork
Fus,RegNetwork|TRRUST
Fxr1,RegNetwork
Fxr2,RegNetwork
Gabpa,RegNetwork|TRRUST
Gabpb1,TRRUST
Gata1,RegNetwork|TRRUST
Gata2,RegNetwork|TRRUST
Gata3,RegNetwork|TRRUST|ESCAPE
Gata4,RegNetwork|TRRUST
Gata5,RegNetwork
Gata6,RegNetwork|TRRUST
Gatad2a,RegNetwork
Gatad2b,RegNetwork
Gbx2,TRRUST
Gcfc1,RegNetwork
Gcfc2,TRRUST
Gcgr,TRRUST
Gcm2,RegNetwork|TRRUST
Gcn5,ESCAPE
Gfi1,RegNetwork|TRRUST
Gfi1b,RegNetwork|TRRUST
Gli1,RegNetwork|TRRUST|ESCAPE
Gli2,RegNetwork|TRRUST
Gli3,RegNetwork|TRRUST
Glis2,RegNetwork|TRRUST
Glis3,TRRUST
Gm5506,RegNetwork
Gmeb1,RegNetwork
Gmeb2,RegNetwork
Gnrh1,RegNetwork|TRRUST
Gon4l,RegNetwork
Grhl1,RegNetwork
Grin1,TRRUST
Grlf1,RegNetwork
Gsc,RegNetwork|TRRUST
Gsc2,RegNetwork
Gsx1,RegNetwork
Gsx2,RegNetwork|TRRUST
Gtf2a1,RegNetwork|TRRUST
Gtf2a1l,RegNetwork
Gtf2a2,TRRUST
Gtf2b,RegNetwork|TRRUST
Gtf2e1,RegNetwork
Gtf2e2,RegNetwork
Gtf2f1,RegNetwork
Gtf2f2,RegNetwork
Gtf2h1,RegNetwork|TRRUST
Gtf2h2,RegNetwork
Gtf2h3,RegNetwork
Gtf2h4,RegNetwork
Gtf2i,RegNetwork|TRRUST
Gtf2ird1,TRRUST
Gtf3c1,RegNetwork
Gtf3c2,RegNetwork
Gtf3c3,RegNetwork
Gtf3c4,RegNetwork
Gtf3c5,RegNetwork
Gzf1,RegNetwork|TRRUST
H1f0,RegNetwork
Habp4,RegNetwork
Hand1,RegNetwork
Hand2,RegNetwork|TRRUST
Havcr2,RegNetwork|TRRUST
Hax1,RegNetwork
Hbp1,TRRUST
Hcfc1,RegNetwork|TRRUST
Hcls1,RegNetwork|TRRUST
Hdac1,RegNetwork|TRRUST
Hdac10,RegNetwork
Hdac11,RegNetwork|TRRUST
Hdac2,RegNetwork|TRRUST
Hdac3,RegNetwork|TRRUST
Hdac4,RegNetwork|TRRUST
Hdac5,RegNetwork
Hdac7,RegNetwork
Hdac8,RegNetwork
Hdac9,RegNetwork
Hdgf,RegNetwork|TRRUST
Hdgfrp2,RegNetwork
Helz,RegNetwork
Hes1,RegNetwork|TRRUST
Hes6,RegNetwork|TRRUST
Hes7,TRRUST
Hesx1,RegNetwork|TRRUST
Hexim1,RegNetwork|TRRUST
Hey1,RegNetwork|TRRUST
Hey2,RegNetwork|TRRUST
Heyl,RegNetwork|TRRUST
Hgf,TRRUST
Hhex,RegNetwork|TRRUST
Hic1,RegNetwork|TRRUST
Hif1a,RegNetwork|TRRUST
Hif1an,RegNetwork
Hif3a,RegNetwork
Hira,RegNetwork
Hist1h1b,RegNetwork
Hist1h1c,RegNetwork
Hist1h1d,RegNetwork
Hist1h1e,RegNetwork
Hist1h1t,RegNetwork
Hist1h2bb,RegNetwork
Hist1h2bh,RegNetwork
Hist1h2bp,RegNetwork
Hist3h2ba,RegNetwork
Hivep2,RegNetwork|TRRUST
Hlf,RegNetwork|TRRUST
Hltf,RegNetwork|TRRUST
Hlx,TRRUST
Hmg20a,RegNetwork
Hmg20b,RegNetwork
Hmga1,RegNetwork|TRRUST
Hmga2,RegNetwork|TRRUST
Hmgb2,RegNetwork|TRRUST
Hmgb4,RegNetwork
Hmgn3,TRRUST
Hmgxb3,RegNetwork
Hmgxb4,RegNetwork
Hmx3,RegNetwork
Hnf1a,RegNetwork|TRRUST
Hnf1b,RegNetwork|TRRUST
Hnf4a,RegNetwork|TRRUST
Hnf4g,RegNetwork
Hnrnpab,RegNetwork
Hnrnpd,RegNetwork|TRRUST
Hnrnpk,RegNetwork|TRRUST
Hnrnpul1,RegNetwork
Hopx,RegNetwork
Hoxa1,RegNetwork|TRRUST
Hoxa10,RegNetwork|TRRUST
Hoxa11,RegNetwork|TRRUST
Hoxa13,RegNetwork
Hoxa2,RegNetwork|TRRUST
Hoxa3,RegNetwork|TRRUST
Hoxa4,RegNetwork|TRRUST
Hoxa5,RegNetwork|TRRUST
Hoxa6,RegNetwork
Hoxa7,RegNetwork
Hoxa9,RegNetwork|TRRUST
Hoxb1,RegNetwork|TRRUST
Hoxb13,RegNetwork
Hoxb2,RegNetwork|TRRUST
Hoxb3,RegNetwork|TRRUST
Hoxb4,RegNetwork|TRRUST
Hoxb5,RegNetwork|TRRUST
Hoxb6,RegNetwork
Hoxb7,RegNetwork
Hoxb8,RegNetwork|TRRUST
Hoxb9,RegNetwork
Hoxc12,RegNetwork
Hoxc13,RegNetwork|TRRUST
Hoxc4,RegNetwork
Hoxc5,RegNetwork
Hoxc6,RegNetwork|TRRUST
Hoxc8,RegNetwork|TRRUST
Hoxd1,RegNetwork
Hoxd10,RegNetwork
Hoxd12,RegNetwork
Hoxd13,RegNetwork|TRRUST
Hoxd3,RegNetwork
Hoxd4,RegNetwork
Hoxd9,RegNetwork
Hr,RegNetwork|TRRUST
Hsbp1,RegNetwork
Hsf1,RegNetwork|TRRUST
Hsf2,RegNetwork
Hsf2bp,RegNetwork
Hsf4,RegNetwork|TRRUST
Hsfy2,RegNetwork
Hspb1,TRRUST
Htatip2,RegNetwork|TRRUST
Htt,RegNetwork
Id1,RegNetwork|TRRUST|ESCAPE
Id2,RegNetwork|TRRUST
Id3,RegNetwork|TRRUST
Id4,RegNetwork|TRRUST
Ifi204,TRRUST
Ifih1,TRRUST
Ifng,RegNetwork
Ighmbp2,RegNetwork
Ikbkb,RegNetwork|TRRUST
Ikbkg,RegNetwork
Ikzf1,RegNetwork|TRRUST
Ikzf2,RegNetwork|TRRUST
Ikzf3,RegNetwork|TRRUST
Il10,TRRUST
Il17a,TRRUST
Il4,TRRUST
Ilf2,RegNetwork|TRRUST
Ilf3,RegNetwork|TRRUST
Ilk,TRRUST
Ing1,RegNetwork|TRRUST
Ing2,RegNetwork
Ing3,RegNetwork
Ing4,RegNetwork|TRRUST
Insm1,RegNetwork|TRRUST
Ints12,RegNetwork
Irf1,RegNetwork|TRRUST
Irf2,RegNetwork|TRRUST
Irf3,RegNetwork|TRRUST
Irf4,RegNetwork|TRRUST
Irf5,RegNetwork|TRRUST
Irf6,RegNetwork|TRRUST
Irf7,RegNetwork|TRRUST
Irf8,RegNetwork|TRRUST
Irf9,RegNetwork|TRRUST
Irx3,RegNetwork|TRRUST
Irx5,RegNetwork|TRRUST
Irx6,RegNetwork
Isl1,RegNetwork|TRRUST
Isl2,RegNetwork
Ivns1abp,RegNetwork
Jarid1a,ESCAPE
Jarid2,RegNetwork|TRRUST|ESCAPE
Jazf1,TRRUST
Jdp2,RegNetwork|TRRUST
Jmjd1c,RegNetwork|TRRUST
Jun,RegNetwork|TRRUST
Junb,RegNetwork|TRRUST
Jund,RegNetwork|TRRUST
Jup,RegNetwork
Kank2,RegNetwork
Kat2b,RegNetwork|TRRUST
Kat5,RegNetwork|TRRUST
Kcnip3,RegNetwork|TRRUST
Kdm2b,RegNetwork
Kdm4a,RegNetwork
Kdm4b,RegNetwork
Kdm4c,RegNetwork
Kdm5a,RegNetwork
Kdm5b,RegNetwork
Kdm5c,RegNetwork
Kdm5d,RegNetwork
Kdm6b,TRRUST
Keap1,TRRUST
Khdrbs1,RegNetwork|TRRUST
Klf1,RegNetwork|TRRUST
Klf10,RegNetwork|TRRUST
Klf11,RegNetwork|TRRUST
Klf12,TRRUST
Klf13,RegNetwork|TRRUST
Klf15,TRRUST
Klf16,TRRUST
Klf2,RegNetwork|TRRUST|ESCAPE
Klf3,RegNetwork|TRRUST
Klf4,RegNetwork|TRRUST|ESCAPE
Klf5,RegNetwork|TRRUST|ESCAPE
Klf6,RegNetwork|TRRUST
Klf7,TRRUST
Klf8,TRRUST
Klf9,TRRUST
Kntc1,RegNetwork
Kpna2,TRRUST
Krba1,RegNetwork
L3mbtl2,RegNetwork
Lass2,RegNetwork
Lass3,RegNetwork
Lass4,RegNetwork
Lass5,RegNetwork
Lbx1,RegNetwork|TRRUST
Ldb1,RegNetwork|TRRUST
Ldb2,RegNetwork|TRRUST
Lef1,RegNetwork|TRRUST
Lhx1,RegNetwork
Lhx2,RegNetwork|TRRUST
Lhx3,RegNetwork|TRRUST
Lhx4,RegNetwork
Lhx5,RegNetwork
Lhx9,RegNetwork|TRRUST
Lin28a,RegNetwork
Lmo1,RegNetwork
Lmo2,RegNetwork|TRRUST
Lmo3,RegNetwork
Lmo4,RegNetwork|TRRUST
Lmo7,TRRUST
Lmx1a,RegNetwork
Lmx1b,RegNetwork|TRRUST
Loc100047997,RegNetwork
Lyl1,RegNetwork|TRRUST
Lzts1,RegNetwork
Maf,RegNetwork|TRRUST
Mafa,RegNetwork|TRRUST
Mafb,RegNetwork|TRRUST
Maff,RegNetwork
Mafg,RegNetwork|TRRUST
Mafk,RegNetwork|TRRUST
Maml1,RegNetwork
Maml3,RegNetwork
Map3k7,TRRUST
Mapk1,RegNetwork|TRRUST
Mapk10,RegNetwork
Mapk11,RegNetwork
Mapk12,RegNetwork
Mapk13,RegNetwork
Mapk14,RegNetwork|TRRUST
Mapk3,RegNetwork
Mapk8,RegNetwork
Mapk9,RegNetwork
Matr3,RegNetwork
Max,RegNetwork|TRRUST|ESCAPE
Maz,RegNetwork|TRRUST
Mbd1,RegNetwork|TRRUST
Mbd2,RegNetwork|TRRUST
Mbd3,RegNetwork|TRRUST
Mcm2,RegNetwork
Mcm3,RegNetwork|TRRUST
Mcm4,RegNetwork
Mcm5,RegNetwork
Mcm6,RegNetwork|TRRUST
Mcm7,RegNetwork
Mdm2,TRRUST
Mdm4,RegNetwork|TRRUST
Mecom,RegNetwork
Mecp2,RegNetwork|TRRUST
Med1,RegNetwork|TRRUST
Med12,RegNetwork
Med13,RegNetwork
Med14,RegNetwork
Med15,RegNetwork
Med16,RegNetwork
Med17,RegNetwork
Med20,RegNetwork
Med21,RegNetwork
Med23,RegNetwork|TRRUST
Med26,RegNetwork
Med27,RegNetwork
Med30,RegNetwork
Med31,RegNetwork
Med4,RegNetwork
Med6,RegNetwork|TRRUST
Med8,RegNetwork|TRRUST
Mef2a,RegNetwork|TRRUST
Mef2c,RegNetwork|TRRUST|ESCAPE
Mef2d,RegNetwork|TRRUST
Meis1,RegNetwork|TRRUST
Meis2,RegNetwork|TRRUST
Meis3,RegNetwork
Men1,RegNetwork|TRRUST
Meox1,RegNetwork|TRRUST
Meox2,RegNetwork|TRRUST
Mis18bp1,RegNetwork
Mitf,RegNetwork|TRRUST
Mixl1,RegNetwork|TRRUST
Mki67ip,RegNetwork
Mkl1,RegNetwork|TRRUST
Mkl2,RegNetwork
Mkx,TRRUST
Mll1,RegNetwork
Mll2,RegNetwork
Mll3,RegNetwork
Mllt1,RegNetwork
Mllt10,RegNetwork
Mllt3,RegNetwork|TRRUST
Mlx,RegNetwork
Mlxip,RegNetwork
Mlxipl,RegNetwork|TRRUST
Mmp9,TRRUST
Mms19,RegNetwork
Mnt,RegNetwork|TRRUST
Mnx1,RegNetwork
Mphosph8,RegNetwork
Msc,RegNetwork|TRRUST|ESCAPE
Msx1,RegNetwork|TRRUST
Msx2,RegNetwork|TRRUST
Mta1,RegNetwork|TRRUST
Mta2,RegNetwork|TRRUST
Mta3,RegNetwork
Mtf1,RegNetwork|TRRUST
Mtf2,RegNetwork|TRRUST
Mxd1,RegNetwork|TRRUST
Mxd3,RegNetwork
Mxd4,RegNetwork
Mxi1,RegNetwork|TRRUST
Myb,RegNetwork|TRRUST
Mybbp1a,RegNetwork|TRRUST
Mybl1,RegNetwork|TRRUST
Mybl2,RegNetwork|TRRUST|ESCAPE
Myc,RegNetwork|TRRUST|ESCAPE
Mycl1,RegNetwork
Mycn,RegNetwork|TRRUST|ESCAPE
Myd88,RegNetwork
Myef2,RegNetwork|TRRUST
Myf5,RegNetwork|TRRUST
Myf6,RegNetwork|TRRUST
Mynn,RegNetwork
Myocd,RegNetwork|TRRUST
Myod1,RegNetwork|TRRUST|ESCAPE
Myog,RegNetwork|TRRUST
Myst2,RegNetwork
Myst3,RegNetwork
Myt1,RegNetwork
Myt1l,RegNetwork
Mzf1,RegNetwork|TRRUST
Naa15,RegNetwork
Nab1,TRRUST
Nab2,RegNetwork|TRRUST
Nacc1,ESCAPE
Nanog,RegNetwork|TRRUST|ESCAPE
Nap1l2,RegNetwork
Nap1l3,RegNetwork
Nap1l4,RegNetwork
Ncoa1,RegNetwork|TRRUST
Ncoa2,RegNetwork|TRRUST
Ncoa3,RegNetwork|TRRUST
Ncoa4,RegNetwork|TRRUST
Ncoa5,RegNetwork|TRRUST
Ncoa6,RegNetwork|TRRUST
Ncor1,RegNetwork|TRRUST
Ncor2,RegNetwork|TRRUST
Ndn,RegNetwork|TRRUST
Ndnl2,RegNetwork
Neil2,RegNetwork
Neurod1,RegNetwork|TRRUST
Neurod4,RegNetwork
Neurod6,TRRUST
Neurog1,RegNetwork|TRRUST
Neurog2,RegNetwork|TRRUST
Neurog3,RegNetwork|TRRUST
Nf1,RegNetwork|TRRUST
Nfat5,RegNetwork|TRRUST
Nfatc1,RegNetwork|TRRUST
Nfatc2,RegNetwork|TRRUST
Nfatc2ip,TRRUST
Nfatc3,RegNetwork|TRRUST
Nfatc4,RegNetwork|TRRUST
Nfe2,RegNetwork|TRRUST
Nfe2l1,RegNetwork
Nfe2l2,RegNetwork|TRRUST
Nfe2l3,TRRUST
Nfia,RegNetwork|TRRUST
Nfib,RegNetwork|TRRUST
Nfic,RegNetwork|TRRUST
Nfil3,RegNetwork|TRRUST
Nfix,RegNetwork|TRRUST
Nfkb1,RegNetwork|TRRUST
Nfkb2,RegNetwork|TRRUST
Nfkbia,RegNetwork|TRRUST
Nfkbib,RegNetwork
Nfkbiz,RegNetwork|TRRUST
Nfrkb,RegNetwork
Nfx1,RegNetwork
Nfxl1,RegNetwork
Nfya,RegNetwork|TRRUST
Nfyb,RegNetwork|TRRUST
Nfyc,RegNetwork|TRRUST
Nhlh1,RegNetwork
Nhlh2,RegNetwork|TRRUST
Nkd2,RegNetwork
Nkrf,RegNetwork
Nkx2-1,RegNetwork|TRRUST
Nkx2-2,RegNetwork|TRRUST
Nkx2-3,RegNetwork|TRRUST
Nkx2-5,RegNetwork|TRRUST
Nkx2-9,RegNetwork|TRRUST
Nkx3-1,RegNetwork|TRRUST
Nkx3-2,RegNetwork|TRRUST
Nkx6-1,RegNetwork|TRRUST
Nkx6-2,RegNetwork
Nme2,RegNetwork
Nmi,RegNetwork
Nono,RegNetwork|TRRUST
Notch1,TRRUST
Notch2,RegNetwork|TRRUST
Notch3,RegNetwork|TRRUST
Notch4,RegNetwork|TRRUST
Npas1,TRRUST
Npas2,RegNetwork|TRRUST
Npm2,RegNetwork
Nr0b1,RegNetwork|TRRUST|ESCAPE
Nr0b2,RegNetwork|TRRUST
Nr1d1,RegNetwork|TRRUST
Nr1d2,RegNetwork|TRRUST
Nr1h2,RegNetwork|TRRUST
Nr1h3,RegNetwork|TRRUST
Nr1h4,RegNetwork|TRRUST
Nr1i2,RegNetwork|TRRUST
Nr1i3,RegNetwork|TRRUST
Nr2c1,RegNetwork|TRRUST
Nr2c2,TRRUST
Nr2e1,RegNetwork|TRRUST
Nr2e3,RegNetwork|TRRUST
Nr2f1,RegNetwork|TRRUST
Nr2f2,TRRUST
Nr2f6,RegNetwork|TRRUST
Nr3c1,RegNetwork|TRRUST
Nr3c2,RegNetwork|TRRUST
Nr4a1,RegNetwork|TRRUST
Nr4a2,RegNetwork|TRRUST
Nr4a3,RegNetwork|TRRUST
Nr5a1,RegNetwork|TRRUST
Nr5a2,RegNetwork|TRRUST|ESCAPE
Nrbf2,RegNetwork
Nrf1,RegNetwork|TRRUST
Nrip1,RegNetwork|TRRUST|ESCAPE
Nrl,TRRUST
Nsd1,RegNetwork
Nupr1,RegNetwork|TRRUST
Olig1,RegNetwork|TRRUST
Olig2,RegNetwork|TRRUST
Onecut1,RegNetwork|TRRUST
Orc2,RegNetwork
Otx2,RegNetwork|TRRUST|ESCAPE
Ovol1,RegNetwork|TRRUST
Pa2g4,RegNetwork
Papola,RegNetwork
Papolb,RegNetwork
Papolg,RegNetwork
Parn,RegNetwork
Parp1,RegNetwork|TRRUST
Patz1,RegNetwork
Pawr,RegNetwork
Pax1,RegNetwork|TRRUST
Pax2,RegNetwork|TRRUST
Pax3,RegNetwork|TRRUST
Pax4,RegNetwork|TRRUST
Pax5,RegNetwork|TRRUST
Pax6,RegNetwork|TRRUST
Pax7,RegNetwork|TRRUST
Pax8,RegNetwork|TRRUST
Pax9,RegNetwork|TRRUST
Pbrm1,RegNetwork|TRRUST
Pbx1,RegNetwork|TRRUST
Pbx2,RegNetwork|TRRUST
Pbx3,RegNetwork
Pbx4,RegNetwork|TRRUST
Pbxip1,RegNetwork
Pcbd1,RegNetwork
Pcbd2,RegNetwork
Pcbp2,TRRUST
Pcgf2,RegNetwork|TRRUST
Pcgf6,RegNetwork
Pdcd11,RegNetwork
Pdlim4,RegNetwork
Pdx1,RegNetwork|TRRUST
Ped,RegNetwork
Peg3,TRRUST
Pelp1,TRRUST
Per1,RegNetwork|TRRUST
Per2,RegNetwork|TRRUST
Per3,RegNetwork
Pgr,RegNetwork|TRRUST
Phb2,RegNetwork
Phc1,ESCAPE
Phf1,RegNetwork
Phf10,RegNetwork
Phf12,RegNetwork|TRRUST
Phf14,RegNetwork
Phf17,RegNetwork
Phf2,RegNetwork|TRRUST
Phf20,RegNetwork
Phf3,RegNetwork
Phox2a,TRRUST
Phox2b,RegNetwork|TRRUST
Phtf1,RegNetwork
Pias1,RegNetwork|TRRUST
Pias2,RegNetwork|TRRUST
Pias3,RegNetwork|TRRUST
Pias4,RegNetwork|TRRUST
Pitx1,RegNetwork|TRRUST
Pitx2,RegNetwork|TRRUST
Pitx3,RegNetwork|TRRUST
Pknox1,RegNetwork|TRRUST
Pknox2,RegNetwork
Plag1,RegNetwork|TRRUST
Plagl2,RegNetwork|TRRUST
Plrg1,RegNetwork
Pml,RegNetwork|TRRUST
Pms1,RegNetwork
Pnn,RegNetwork|TRRUST
Polr1a,RegNetwork
Polr1b,RegNetwork
Polr1c,RegNetwork
Polr1d,RegNetwork
Polr1e,RegNetwork
Polr2a,RegNetwork
Polr2b,RegNetwork
Polr2c,RegNetwork
Polr2d,RegNetwork
Polr2e,RegNetwork
Polr2f,RegNetwork
Polr2g,RegNetwork
Polr2h,RegNetwork
Polr2i,RegNetwork
Polr2j,RegNetwork
Polr2k,RegNetwork
Polr3a,RegNetwork
Polr3b,RegNetwork
Polr3c,RegNetwork
Polr3d,RegNetwork
Polr3e,RegNetwork
Polr3f,RegNetwork
Polr3h,RegNetwork
Polr3k,RegNetwork
Pou1f1,TRRUST
Pou2af1,RegNetwork|TRRUST
Pou2f1,RegNetwork|TRRUST
Pou2f2,RegNetwork|TRRUST
Pou2f3,RegNetwork|TRRUST
Pou3f1,RegNetwork|TRRUST
Pou3f2,RegNetwork|TRRUST
Pou3f3,RegNetwork|TRRUST
Pou3f4,RegNetwork|TRRUST
Pou4f1,RegNetwork|TRRUST
Pou4f2,RegNetwork|TRRUST
Pou4f3,TRRUST
Pou5f1,RegNetwork|TRRUST|ESCAPE
Pou6f1,RegNetwork
Pou6f2,RegNetwork
Ppara,RegNetwork|TRRUST
Ppard,RegNetwork|TRRUST
Pparg,RegNetwork|TRRUST
Ppargc1a,RegNetwork|TRRUST
Ppargc1b,RegNetwork|TRRUST
Prdm1,TRRUST
Prdm13,TRRUST
Prdm14,ESCAPE
Prdm16,RegNetwork|TRRUST
Prdm4,RegNetwork
Prdm5,RegNetwork|TRRUST
Prdm8,RegNetwork|TRRUST
Preb,RegNetwork
Prl,TRRUST
Prop1,RegNetwork|TRRUST
Prox1,RegNetwork|TRRUST
Prpf4b,RegNetwork
Prrx1,RegNetwork|TRRUST
Prrx2,RegNetwork|TRRUST
Psip1,RegNetwork
Ptf1a,RegNetwork|TRRUST
Pth,TRRUST
Pthlh,TRRUST
Ptrf,RegNetwork
Pttg1,RegNetwork|TRRUST
Pura,RegNetwork|TRRUST
Pwp1,RegNetwork|TRRUST
Pygo1,RegNetwork
Pygo2,TRRUST
Rad51,RegNetwork
Rad51l1,RegNetwork
Rad54b,RegNetwork
Raf1,TRRUST
Rai14,RegNetwork
Rala,TRRUST
Rapgef3,RegNetwork
Rara,RegNetwork|TRRUST
Rarb,RegNetwork|TRRUST
Rarg,RegNetwork|TRRUST
Rax,RegNetwork|TRRUST
Rb1,RegNetwork|TRRUST
Rbak,RegNetwork
Rbbp4,RegNetwork
Rbbp7,RegNetwork
Rbck1,RegNetwork
Rbfox2,RegNetwork
Rbl1,RegNetwork|TRRUST
Rbl2,RegNetwork|TRRUST
Rbm14,RegNetwork
Rbm15,RegNetwork
Rbm39,RegNetwork
Rbmx,RegNetwork|TRRUST
Rbmxl2,RegNetwork
Rbpj,RegNetwork|TRRUST
Rbpjl,RegNetwork
Rcor2,RegNetwork
Rdbp,RegNetwork
Rel,RegNetwork|TRRUST
Rela,RegNetwork|TRRUST
Relb,RegNetwork|TRRUST
Rere,RegNetwork|TRRUST
Rest,RegNetwork|TRRUST|ESCAPE
Rexo4,RegNetwork
Rfc1,RegNetwork
Rfx1,RegNetwork|TRRUST
Rfx2,RegNetwork
Rfx3,RegNetwork|TRRUST
Rfx4,RegNetwork|TRRUST
Rfx5,RegNetwork|TRRUST
Rfx7,RegNetwork
Rfxank,RegNetwork|TRRUST
Rfxap,RegNetwork|TRRUST
Rgs14,RegNetwork
Rhox6,ESCAPE
Ring1,RegNetwork
Rlim,RegNetwork
Rnf14,RegNetwork
Rnf19a,RegNetwork
Rnf2,RegNetwork|TRRUST|ESCAPE
Rnf4,RegNetwork
Rnf6,RegNetwork
Rnps1,RegNetwork
Rora,RegNetwork|TRRUST
Rorb,RegNetwork
Rorc,RegNetwork
Rps6ka5,TRRUST
Rsf1,RegNetwork
Runx1,RegNetwork|TRRUST
Runx1t1,RegNetwork|TRRUST
Runx2,RegNetwork|TRRUST
Runx3,RegNetwork|TRRUST
Ruvbl1,RegNetwork
Ruvbl2,RegNetwork|TRRUST
Rxra,RegNetwork|TRRUST|ESCAPE
Rxrb,RegNetwork|TRRUST
Rxrg,RegNetwork
Rybp,RegNetwork
Safb,RegNetwork
Sall1,RegNetwork|TRRUST|ESCAPE
Sall2,RegNetwork|TRRUST
Sall3,RegNetwork
Sall4,RegNetwork|TRRUST|ESCAPE
Sap18,RegNetwork
Sap30,RegNetwork
Sap30bp,RegNetwork
Satb1,RegNetwork|TRRUST
Satb2,RegNetwork|TRRUST
Scmh1,RegNetwork
Scml2,RegNetwork
Scx,TRRUST
Sertad1,RegNetwork|TRRUST
Sertad2,RegNetwork
Sertad3,RegNetwork
Setbp1,RegNetwork|TRRUST
Setdb1,ESCAPE
Sf1,RegNetwork|TRRUST
Sfpi1,RegNetwork|ESCAPE
Sfpq,RegNetwork|TRRUST
Shh,TRRUST
Shox2,TRRUST
Sim1,RegNetwork|TRRUST
Sim2,RegNetwork|TRRUST
Sin3a,RegNetwork|TRRUST
Sin3b,RegNetwork|TRRUST
Sirt1,RegNetwork|TRRUST
Sirt2,RegNetwork
Sirt3,RegNetwork
Sirt4,RegNetwork
Sirt5,RegNetwork|TRRUST
Sirt7,RegNetwork
Six1,RegNetwork|TRRUST
Six2,RegNetwork|TRRUST
Six3,RegNetwork|TRRUST
Six4,RegNetwork|TRRUST
Six5,RegNetwork|TRRUST
Six6,RegNetwork|TRRUST
Ski,RegNetwork|TRRUST
Skil,RegNetwork|TRRUST
Sla2,RegNetwork|TRRUST
Slc39a11,RegNetwork
Smad1,RegNetwork|TRRUST|ESCAPE
Smad2,RegNetwork|TRRUST
Smad3,RegNetwork|TRRUST
Smad4,RegNetwork|TRRUST|ESCAPE
Smad5,RegNetwork|TRRUST
Smad6,RegNetwork|TRRUST
Smad7,RegNetwork|TRRUST|ESCAPE
Smad9,RegNetwork|TRRUST
Smarca1,RegNetwork
Smarca2,RegNetwork|TRRUST
Smarca4,RegNetwork|TRRUST
Smarca5,RegNetwork|TRRUST
Smarcad1,RegNetwork
Smarcb1,RegNetwork
Smarcc1,RegNetwork|TRRUST
Smarcc2,RegNetwork
Smarcd1,RegNetwork|TRRUST
Smarcd2,RegNetwork
Smarcd3,RegNetwork
Smarce1,RegNetwork|TRRUST
Smurf1,TRRUST
Smurf2,RegNetwork|TRRUST
Smyd1,RegNetwork|TRRUST
Snai1,RegNetwork|TRRUST
Snai2,RegNetwork|TRRUST
Snapc1,RegNetwork
Snapc2,RegNetwork
Snapc3,RegNetwork
Snapc4,RegNetwork
Snapc5,RegNetwork
Snd1,RegNetwork|TRRUST
Snip1,RegNetwork
Snrpb,RegNetwork
Snrpd1,RegNetwork
Sos1,RegNetwork
Sos2,RegNetwork
Sowahc,RegNetwork
Sox10,RegNetwork|TRRUST
Sox11,RegNetwork|TRRUST
Sox14,TRRUST
Sox15,RegNetwork|TRRUST
Sox17,RegNetwork|TRRUST|ESCAPE
Sox18,TRRUST
Sox2,RegNetwork|TRRUST|ESCAPE
Sox21,TRRUST
Sox3,RegNetwork
Sox4,TRRUST
Sox5,RegNetwork|TRRUST
Sox6,RegNetwork|TRRUST
Sox7,TRRUST
Sox8,RegNetwork|TRRUST
Sox9,RegNetwork|TRRUST|ESCAPE
Sp1,RegNetwork|TRRUST
Sp2,RegNetwork|TRRUST
Sp3,RegNetwork|TRRUST
Sp4,RegNetwork|TRRUST
Sp5,TRRUST
Sp7,RegNetwork|TRRUST
Sp8,RegNetwork|TRRUST
Sp9,TRRUST
Spdef,RegNetwork|TRRUST
Spen,RegNetwork|TRRUST
Spi1,TRRUST
Spib,TRRUST
Spic,TRRUST
Spo11,RegNetwork
Spz1,RegNetwork
Srebf1,RegNetwork|TRRUST
Srebf2,RegNetwork|TRRUST
Srf,RegNetwork|TRRUST
Srrm1,RegNetwork
Srrt,TRRUST
Srsf1,RegNetwork
Srsf2,RegNetwork
Srsf3,RegNetwork
Srsf5,RegNetwork
Srsf6,RegNetwork
Srsf9,RegNetwork
Sry,RegNetwork|TRRUST
Ss18l1,RegNetwork
Ssb,RegNetwork|TRRUST
Ssbp2,RegNetwork
Ssbp3,RegNetwork
Ssbp4,RegNetwork
Ssrp1,RegNetwork
Stat1,RegNetwork|TRRUST
Stat2,RegNetwork|TRRUST
Stat3,RegNetwork|TRRUST|ESCAPE
Stat4,RegNetwork|TRRUST
Stat5a,RegNetwork|TRRUST
Stat5b,RegNetwork|TRRUST
Stat6,RegNetwork|TRRUST
Sub1,RegNetwork
Sufu,RegNetwork|TRRUST
Sugp1,RegNetwork
Supt16h,RegNetwork
Supt4h1,RegNetwork
Supt5h,RegNetwork
Supt6h,RegNetwork
Suv39h2,RegNetwork
Suz12,RegNetwork|TRRUST|ESCAPE
Syt1,TRRUST
T,RegNetwork|ESCAPE
Tada3,RegNetwork
Taf1,RegNetwork
Taf10,RegNetwork
Taf11,RegNetwork
Taf12,TRRUST
Taf13,RegNetwork
Taf15,RegNetwork
Taf1a,RegNetwork
Taf1b,RegNetwork
Taf1c,RegNetwork
Taf4a,RegNetwork
Taf4b,TRRUST
Taf5,RegNetwork
Taf5l,RegNetwork
Taf6,RegNetwork
Taf6l,RegNetwork
Taf7,RegNetwork
Taf9,RegNetwork|TRRUST
Tal1,RegNetwork|TRRUST
Tal2,RegNetwork
Tarbp2,RegNetwork
Tardbp,RegNetwork|TRRUST
Tax1bp3,RegNetwork|TRRUST
Tbl1x,RegNetwork
Tbp,RegNetwork|TRRUST
Tbpl1,RegNetwork|TRRUST
Tbr1,RegNetwork|TRRUST
Tbx1,RegNetwork|TRRUST
Tbx15,RegNetwork
Tbx18,RegNetwork|TRRUST
Tbx19,RegNetwork|TRRUST
Tbx2,RegNetwork|TRRUST
Tbx20,RegNetwork|TRRUST
Tbx21,RegNetwork|TRRUST
Tbx3,RegNetwork|TRRUST|ESCAPE
Tbx4,RegNetwork|TRRUST
Tbx5,RegNetwork|TRRUST
Tbx6,RegNetwork|TRRUST
Tcea1,RegNetwork
Tcea3,ESCAPE
Tceb1,RegNetwork
Tceb2,RegNetwork
Tceb3,RegNetwork
Tcerg1,RegNetwork
Tcf12,RegNetwork|TRRUST
Tcf19,TRRUST
Tcf20,TRRUST
Tcf21,RegNetwork|TRRUST
Tcf3,RegNetwork|TRRUST|ESCAPE
Tcf4,RegNetwork|TRRUST
Tcf7,RegNetwork|TRRUST
Tcf7l1,RegNetwork
Tcf7l2,RegNetwork|TRRUST|ESCAPE
Tcfcp2l1,ESCAPE
Tcfl5,TRRUST
Tcof1,RegNetwork
Tead1,RegNetwork
Tead2,RegNetwork|TRRUST
Tead3,RegNetwork
Tead4,RegNetwork|TRRUST
Tef,RegNetwork|TRRUST
Tfap2a,RegNetwork|TRRUST
Tfap2b,RegNetwork|TRRUST
Tfap2c,RegNetwork|TRRUST
Tfap2d,RegNetwork|TRRUST
Tfap2e,RegNetwork
Tfap4,RegNetwork
Tfcp2,RegNetwork|TRRUST
Tfcp2l1,RegNetwork
Tfdp1,RegNetwork|TRRUST
Tfdp2,RegNetwork
Tfe3,RegNetwork|TRRUST
Tfeb,RegNetwork
Tgfb1,TRRUST
Tgfb1i1,RegNetwork|TRRUST
Tgif1,RegNetwork
Tgif2,RegNetwork
Tgif2lx1,RegNetwork
Th1l,RegNetwork
Thra,RegNetwork|TRRUST
Thrap3,RegNetwork|TRRUST
Thrb,RegNetwork|TRRUST
Tial1,RegNetwork|TRRUST
Timeless,RegNetwork
Tip60,ESCAPE
Tle1,RegNetwork
Tle2,TRRUST
Tle3,RegNetwork|TRRUST
Tle6,RegNetwork
Tlr4,TRRUST
Tlx1,RegNetwork
Tlx2,RegNetwork
Tlx3,RegNetwork|TRRUST
Tmf1,RegNetwork
Tnf,RegNetwork|TRRUST
Tnfaip3,RegNetwork|TRRUST
Tob1,RegNetwork|TRRUST
Toe1,RegNetwork
Top2b,RegNetwork
Topors,RegNetwork
Tox2,RegNetwork
Tox3,RegNetwork
Tox4,RegNetwork
Trerf1,RegNetwork
Trib3,RegNetwork
Trim13,TRRUST
Trim21,RegNetwork
Trim24,RegNetwork|TRRUST
Trim25,RegNetwork
Trim27,RegNetwork
Trim28,RegNetwork|TRRUST|ESCAPE
Trim32,RegNetwork|TRRUST
Trim33,RegNetwork
Trip11,RegNetwork
Trip13,RegNetwork
Trip4,RegNetwork
Trip6,RegNetwork
Trp53,RegNetwork|TRRUST
Trp53bp1,RegNetwork|TRRUST
Trp63,RegNetwork|TRRUST
Trp73,RegNetwork|TRRUST
Trps1,RegNetwork|TRRUST
Trrap,RegNetwork|TRRUST
Tsc22d3,RegNetwork
Tsc22d4,RegNetwork
Tsg101,RegNetwork|TRRUST
Tshz3,RegNetwork|TRRUST
Ttf1,TRRUST
Ttf2,RegNetwork|TRRUST
Tuba1a,ESCAPE
Tulp3,RegNetwork
Twist1,RegNetwork|TRRUST
Twist2,TRRUST
Ube2k,TRRUST
Ubp1,RegNetwork
Ubtf,RegNetwork
Uimc1,RegNetwork
Upf1,RegNetwork
Usf1,RegNetwork|TRRUST
Usf2,RegNetwork|TRRUST
Utf1,RegNetwork|TRRUST
Vax2,RegNetwork|TRRUST
Vdr,RegNetwork|TRRUST
Vezf1,RegNetwork|TRRUST
Vgll2,RegNetwork
Vhl,RegNetwork|TRRUST
Vsx1,RegNetwork
Vsx2,RegNetwork|TRRUST
Wbp11,RegNetwork
Wbp7,RegNetwork
Whsc1,RegNetwork
Whsc1l1,RegNetwork|TRRUST
Whsc2,ESCAPE
Wnt1,TRRUST
Wnt5a,TRRUST
Wt1,RegNetwork|TRRUST
Wwp1,RegNetwork|TRRUST
Wwtr1,RegNetwork|TRRUST
Xab2,RegNetwork
Xbp1,RegNetwork|TRRUST
Xpc,RegNetwork|TRRUST
Xrcc3,RegNetwork
Xrcc5,RegNetwork|TRRUST
Xrcc6,RegNetwork|TRRUST
Yaf2,RegNetwork
Ybx1,RegNetwork|TRRUST
Yeats2,RegNetwork
Yeats4,RegNetwork
Yy1,RegNetwork|TRRUST|ESCAPE
Zbtb10,RegNetwork
Zbtb16,RegNetwork|TRRUST
Zbtb17,RegNetwork|TRRUST
Zbtb2,RegNetwork|TRRUST
Zbtb20,RegNetwork|TRRUST
Zbtb22,RegNetwork
Zbtb24,RegNetwork
Zbtb3,RegNetwork
Zbtb32,TRRUST
Zbtb33,RegNetwork|TRRUST
Zbtb38,TRRUST
Zbtb39,RegNetwork
Zbtb43,RegNetwork
Zbtb48,RegNetwork
Zbtb7a,RegNetwork|TRRUST
Zbtb7b,RegNetwork
Zbtb9,RegNetwork
Zdhhc13,RegNetwork
Zdhhc15,RegNetwork
Zdhhc16,RegNetwork
Zdhhc6,RegNetwork
Zeb1,RegNetwork|TRRUST
Zeb2,RegNetwork|TRRUST
Zfand3,ESCAPE
Zfhx3,RegNetwork
Zfml,RegNetwork
Zfp11,RegNetwork
Zfp110,RegNetwork
Zfp111,RegNetwork
Zfp12,RegNetwork
Zfp128,RegNetwork
Zfp13,TRRUST
Zfp143,RegNetwork|TRRUST
Zfp148,RegNetwork|TRRUST
Zfp161,RegNetwork
Zfp180,RegNetwork
Zfp191,RegNetwork
Zfp217,RegNetwork
Zfp219,RegNetwork
Zfp236,RegNetwork
Zfp263,RegNetwork|TRRUST
Zfp275,RegNetwork
Zfp276,RegNetwork
Zfp277,RegNetwork|TRRUST
Zfp28,RegNetwork
Zfp280b,RegNetwork
Zfp281,RegNetwork|TRRUST|ESCAPE
Zfp292,RegNetwork
Zfp296,RegNetwork
Zfp30,RegNetwork
Zfp326,RegNetwork
Zfp335,TRRUST
Zfp354a,RegNetwork
Zfp36,RegNetwork|TRRUST
Zfp36l1,RegNetwork
Zfp384,TRRUST
Zfp385a,TRRUST
Zfp398,RegNetwork
Zfp410,TRRUST
Zfp42,RegNetwork|TRRUST|ESCAPE
Zfp423,RegNetwork|TRRUST
Zfp446,RegNetwork
Zfp462,RegNetwork
Zfp467,RegNetwork
Zfp473,RegNetwork
Zfp488,TRRUST
Zfp512,RegNetwork
Zfp513,RegNetwork|TRRUST
Zfp523,RegNetwork|TRRUST
Zfp524,RegNetwork
Zfp592,RegNetwork
Zfp593,RegNetwork
Zfp623,RegNetwork
Zfp64,RegNetwork|TRRUST
Zfp641,RegNetwork
Zfp661,RegNetwork
Zfp688,RegNetwork
Zfp764,RegNetwork
Zfp768,RegNetwork
Zfp82,RegNetwork
Zfp91,RegNetwork
Zfpm1,RegNetwork|TRRUST
Zfpm2,RegNetwork|TRRUST
Zfx,RegNetwork|ESCAPE
Zhx2,RegNetwork
Zhx3,TRRUST
Zic1,RegNetwork|TRRUST
Zic2,RegNetwork|TRRUST
Zic3,RegNetwork|TRRUST|ESCAPE
Zkscan17,RegNetwork
Zkscan4,RegNetwork
Zkscan6,RegNetwork
Zmym2,RegNetwork
Zmynd11,RegNetwork
Znrd1,RegNetwork
Zscan10,RegNetwork|TRRUST
Zscan2,RegNetwork
Zscan21,RegNetwork
Zscan4c,ESCAPE
Zswim4,RegNetwork
Zzz3,RegNetwork
